,Title,Characters,Plot,Point_of_View
0,The Connection Between COVID and 5G,"{'COVID': 'Referring to the virus', '5G': 'The wireless technology'}","Claims that COVID is not a real virus, but rather a result of the radiation emitted by 5G towers","The narrative takes a conspiracy theory perspective, suggesting a cover-up and manipulation by unknown entities"
1,The Effect of 5G Radiation on Health,{'5G': 'The wireless technology'},"States that exposure to 5G radiation causes various health symptoms, such as fatigue and pressure",The narrative takes a personal perspective and suggests that the author and their friend have experienced negative effects from 5G radiation
2,5G as a Tool for Control and Division,{'5G': 'The wireless technology'},"Claims that 5G is being used as a tool for division and control, creating conflicts among different groups of people",The narrative takes a critical perspective on the use of 5G and emphasizes the importance of unity
3,5G as the cause of health conditions and cover-up,"{'5G': 'The technology believed to be causing health conditions and used as a cover-up for other issues', 'COVID': 'Believed to be a rebranding of the flu caused by the combination of 5G and other factors'}","Claims that 5G radiation, along with other factors like the flu, is responsible for health conditions and that COVID is a cover-up","The narrative is presented from a critical perspective, suggesting a conspiracy behind the health conditions and the portrayal of COVID"
4,Concerns about the effects of 5G technology,{'5G': 'The technology being implemented and its potential health effects'},Expressing concerns about the radiation and potential health impact of 5G technology,"The narrative is presented from a skeptical perspective, raising questions and doubts about the safety of 5G"
5,5G as a tool for control and division,{'5G': 'The technology believed to be a tool for control and division'},Suggesting that 5G technology is used to manipulate and divide people,"The narrative is presented from a critical perspective, implying a hidden agenda behind the implementation of 5G"
6,5G and its connection to the COVID pandemic,{'5G': 'The technology believed to be connected to the COVID pandemic'},Claiming that 5G technology is related to the COVID virus and its spread,"The narrative is presented from a skeptical perspective, suggesting a potential link between 5G and the pandemic"
7,China's extensive ownership and control in the US,"{'China': 'The Chinese government and its partners', 'US': 'The United States'}","China's ownership and control over various sectors in the US, including pharmaceuticals, agriculture, intellectual property, rare earth minerals, 5G networks, and media companies",The narrative highlights the extent of China's influence and the potential risks it poses to US national security and economy
8,Pentagon's research program on AI replacing human hackers,"{'Pentagon': 'The US Department of Defense', 'Joint Operations Center': 'The nerve center for US Cyber Command and the National Security Agency', 'Two Six Labs LLC': 'The contractor awarded the project IKE'}",The Pentagon's research program aims to develop AI and machine learning techniques to assist in cyber warfare strategies and battle damage assessment,The narrative presents the advancement of AI technology in the context of cybersecurity and military operations
9,Challenging the narrative of systemic racism at Princeton,"{'Princeton': 'The university', 'Math Prof': 'A professor at Princeton'}","A math professor challenges the narrative of systemic racism at Princeton, stating that the university is not racist",The narrative questions the validity of the systemic racism narrative and presents an alternative perspective
10,The Geopolitical Implications of 5G Technology,"{'China': 'Seen as the winner in the race for 5G technology', 'West': 'Referring to Western countries, particularly the US'}","The rollout of 5G networks is seen as a turning point in geopolitics, with China taking the lead and the West falling behind","The narrative suggests that the West, including the US, is not recognizing the significance of 5G technology and its implications"
11,Conspiracy Theories Surrounding 5G Technology,"{'NSA': 'National Security Agency', 'CIA': 'Central Intelligence Agency', 'China': 'Implied to be involved in faking videos and spreading misinformation about 5G and COVID-19'}",The narrative revolves around the belief that 5G technology is being used for spying and that China may have faked videos to create panic and shut down the Western world,The narrative presents a skeptical view of 5G technology and suggests that it is being used for nefarious purposes
12,5G and Nanotechnology: Tracking Vaccinated People,{'Mark Steele': 'The source who claims that nanotechnology in the COVID-19 vaccine is causing magnets to stick to vaccinated individuals'},The narrative suggests that 5G towers are being used to track vaccinated people through the nanotechnology in the vaccine,The narrative may be presented from a perspective that is critical of the vaccine and the use of 5G technology
13,"The Connection Between 5G, Chemtrails & Morgellons",{},"The narrative suggests a connection between 5G technology, chemtrails, and Morgellons disease","The narrative may be presented from a perspective that believes in a conspiracy involving 5G technology, chemtrails, and Morgellons"
14,FBI Investigating 5G Paranoia in Nashville Bombing,{'FBI': 'The law enforcement agency investigating the motive behind the Nashville bombing'},The narrative suggests that the FBI is trying to link the Nashville bombing to 5G paranoia,The narrative may be presented from a perspective that is critical of the FBI and dismissive of the idea that 5G paranoia played a role in the bombing
15,The West Controls Ukraine and Uses It to Its Advantage,"{'West': 'Referring to Western countries or alliances like NATO', 'Ukraine': 'The nation being manipulated or controlled by the West'}",The narrative suggests that Ukraine is not acting independently but is being controlled by Western powers,The narrative may be presented from a perspective that is critical of the West and sympathetic to others who oppose Western influence
